"mean","std","min","25%","50%","75%","max"
"4.407612","7.454012","-0.020100","0.368512","1.588436","6.056038","100.697670"